{"mc":{
	"test1":{
		"frameRate":24,
		"labels":[
			{"name":"flash","frame":1,"end":15}
			
			],
		"events":[
			
			],
		"frames":[
			
			{
			"res":"sg_00000",
			"x":0,
			"y":0
			},
			{
			"res":"sg_00001",
			"x":9,
			"y":0
			},
			{
			"res":"sg_00002",
			"x":22,
			"y":0
			},
			{
			"res":"sg_00003",
			"x":35,
			"y":0
			},
			{
			"res":"sg_00004",
			"x":48,
			"y":0
			},
			{
			"res":"sg_00005",
			"x":61,
			"y":0
			},
			{
			"res":"sg_00006",
			"x":74,
			"y":0
			},
			{
			"res":"sg_00007",
			"x":87,
			"y":0
			},
			{
			"res":"sg_00008",
			"x":100,
			"y":0
			},
			{
			"res":"sg_00009",
			"x":113,
			"y":2
			},
			{
			"res":"sg_00010",
			"x":126,
			"y":5
			},
			{
			"res":"sg_00011",
			"x":140,
			"y":5
			},
			{
			"res":"sg_00012",
			"x":153,
			"y":5
			},
			{
			"res":"sg_00013",
			"x":167,
			"y":5
			},
			{
			"res":"sg_00014",
			"x":181,
			"y":5
			}
			]
}},
	"res":{
		"sg_00001":{"x":213,"y":1,"w":104,"h":69},
		"sg_00002":{"x":1,"y":1,"w":104,"h":69},
		"sg_00005":{"x":319,"y":71,"w":103,"h":68},
		"sg_00012":{"x":425,"y":1,"w":84,"h":57},
		"sg_00013":{"x":425,"y":60,"w":74,"h":57},
		"sg_00008":{"x":208,"y":138,"w":101,"h":63},
		"sg_00004":{"x":319,"y":1,"w":104,"h":68},
		"sg_00007":{"x":208,"y":72,"w":102,"h":64},
		"sg_00010":{"x":311,"y":141,"w":98,"h":58},
		"sg_00009":{"x":103,"y":140,"w":100,"h":61},
		"sg_00011":{"x":411,"y":141,"w":94,"h":57},
		"sg_00006":{"x":103,"y":72,"w":103,"h":66},
		"sg_00000":{"x":1,"y":72,"w":100,"h":69},
		"sg_00003":{"x":107,"y":1,"w":104,"h":69},
		"sg_00014":{"x":1,"y":143,"w":68,"h":57}
	}}