{
	"skins": {
		"mytestUI": "resource/eui_skins/mytestUI.exml"
	},
	"autoGenerateExmlsList": true,
	"exmls": [
		"resource/eui_skins/TestSkin.exml",
		"resource/eui_skins/animations/MacthLoadingSkin.exml",
		"resource/eui_skins/widgetSkins/DiceSkin.exml",
		"resource/eui_skins/widgetSkins/GameMapSkin.exml",
		"resource/eui_skins/widgetSkins/HeadIconWidget.exml",
		"resource/eui_skins/widgetSkins/MyButton.exml",
		"resource/eui_skins/widgetSkins/PlayerSkin.exml",
		"resource/eui_skins/widgetSkins/RoleTopInfo.exml",
		"resource/eui_skins/widgetSkins/SettingWidget.exml",
		"resource/eui_skins/widgetSkins/ShopItemEmojis.exml",
		"resource/eui_skins/widgetSkins/ShopItemGoldWidget.exml",
		"resource/eui_skins/widgetSkins/ShopItemIco.exml",
		"resource/eui_skins/widgetSkins/ShopItemWidget.exml",
		"resource/eui_skins/widgetSkins/ShoppinInfo.exml",
		"resource/eui_skins/widgetSkins/TimeButtonSkin.exml",
		"resource/eui_skins/windowSkins/ChatSkin.exml",
		"resource/eui_skins/windowSkins/GameEndSkin.exml",
		"resource/eui_skins/windowSkins/GameEnterSkin.exml",
		"resource/eui_skins/windowSkins/GameSkin.exml",
		"resource/eui_skins/windowSkins/GropReward.exml",
		"resource/eui_skins/windowSkins/LabelSkin.exml",
		"resource/eui_skins/windowSkins/LoginUISkin.exml",
		"resource/eui_skins/windowSkins/MainSkin.exml",
		"resource/eui_skins/windowSkins/MatchingSkin.exml",
		"resource/eui_skins/windowSkins/MatchTipSkin.exml",
		"resource/eui_skins/windowSkins/MuteSkin.exml",
		"resource/eui_skins/windowSkins/PlayersSkin.exml",
		"resource/eui_skins/windowSkins/RankingSkin.exml",
		"resource/eui_skins/windowSkins/RankItem.exml",
		"resource/eui_skins/windowSkins/RankSkin.exml",
		"resource/eui_skins/windowSkins/RoleHeadInfoSkin.exml",
		"resource/eui_skins/windowSkins/SelectSkin.exml",
		"resource/eui_skins/windowSkins/SettingSkin.exml",
		"resource/eui_skins/windowSkins/ShopSkin.exml",
		"resource/eui_skins/windowSkins/ShowChatSkin.exml",
		"resource/eui_skins/windowSkins/SigleSkin.exml",
		"resource/eui_skins/windowSkins/UnMatchTipSkin.exml",
		"resource/eui_skins/windowSkins/UnMuteSkin.exml"
	],
	"path": "resource/default.thm.json"
}