{"file":"Common.png","frames":{
"frame_16":{"x":97,"y":990,"w":30,"h":30,"offX":0,"offY":0,"sourceW":30,"sourceH":30},
"button_green_l":{"x":483,"y":855,"w":209,"h":63,"offX":0,"offY":0,"sourceW":209,"sourceH":63},
"frame_09":{"x":957,"y":809,"w":58,"h":60,"offX":0,"offY":0,"sourceW":58,"sourceH":60},
"frame_14":{"x":129,"y":1019,"w":261,"h":1,"offX":0,"offY":0,"sourceW":261,"sourceH":1},
"frame_05":{"x":770,"y":611,"w":126,"h":126,"offX":0,"offY":0,"sourceW":126,"sourceH":126},
"icon_music1":{"x":483,"y":805,"w":45,"h":45,"offX":0,"offY":0,"sourceW":45,"sourceH":45},
"apple_l":{"x":642,"y":107,"w":198,"h":140,"offX":0,"offY":0,"sourceW":198,"sourceH":140},
"icon_jiantou":{"x":790,"y":855,"w":61,"h":35,"offX":0,"offY":0,"sourceW":61,"sourceH":35},
"icon_huiche":{"x":544,"y":747,"w":62,"h":48,"offX":0,"offY":0,"sourceW":62,"sourceH":48},
"bg_01":{"x":0,"y":509,"w":640,"h":204,"offX":0,"offY":5,"sourceW":640,"sourceH":209},
"icon_landian":{"x":739,"y":945,"w":35,"h":35,"offX":0,"offY":0,"sourceW":35,"sourceH":35},
"icon_music":{"x":790,"y":892,"w":36,"h":37,"offX":0,"offY":0,"sourceW":36,"sourceH":37},
"frame_06":{"x":642,"y":611,"w":126,"h":126,"offX":0,"offY":0,"sourceW":126,"sourceH":126},
"frame_11":{"x":97,"y":928,"w":58,"h":60,"offX":0,"offY":0,"sourceW":58,"sourceH":60},
"font_lead":{"x":642,"y":495,"w":341,"h":56,"offX":0,"offY":0,"sourceW":341,"sourceH":56},
"money":{"x":895,"y":855,"w":34,"h":34,"offX":0,"offY":0,"sourceW":34,"sourceH":34},
"font_info":{"x":0,"y":805,"w":270,"h":56,"offX":0,"offY":0,"sourceW":270,"sourceH":56},
"bg_02":{"x":584,"y":268,"w":343,"h":167,"offX":0,"offY":0,"sourceW":343,"sourceH":167},
"icon_sezi":{"x":929,"y":234,"w":75,"h":77,"offX":0,"offY":0,"sourceW":75,"sourceH":77},
"bg_04":{"x":0,"y":0,"w":640,"h":266,"offX":0,"offY":0,"sourceW":640,"sourceH":266},
"font_succ":{"x":0,"y":747,"w":270,"h":56,"offX":0,"offY":0,"sourceW":270,"sourceH":56},
"frame_03":{"x":373,"y":870,"w":98,"h":79,"offX":0,"offY":0,"sourceW":98,"sourceH":79},
"icon_x":{"x":949,"y":407,"w":71,"h":71,"offX":0,"offY":0,"sourceW":71,"sourceH":71},
"iconsound":{"x":608,"y":747,"w":28,"h":43,"offX":0,"offY":0,"sourceW":28,"sourceH":43},
"frame_08":{"x":221,"y":928,"w":54,"h":54,"offX":0,"offY":0,"sourceW":54,"sourceH":54},
"icon_+":{"x":933,"y":553,"w":50,"h":50,"offX":0,"offY":0,"sourceW":50,"sourceH":50},
"font_hint":{"x":816,"y":797,"w":139,"h":56,"offX":0,"offY":0,"sourceW":139,"sourceH":56},
"icon_jiantou1":{"x":129,"y":990,"w":26,"h":14,"offX":0,"offY":0,"sourceW":26,"sourceH":14},
"icon_sound1":{"x":694,"y":907,"w":43,"h":45,"offX":0,"offY":0,"sourceW":43,"sourceH":45},
"frame_01":{"x":0,"y":715,"w":640,"h":30,"offX":0,"offY":0,"sourceW":640,"sourceH":30},
"font_sett":{"x":544,"y":797,"w":270,"h":56,"offX":0,"offY":0,"sourceW":270,"sourceH":56},
"halo_02":{"x":277,"y":928,"w":60,"h":44,"offX":0,"offY":0,"sourceW":60,"sourceH":44},
"button_blue_l":{"x":272,"y":805,"w":209,"h":63,"offX":0,"offY":0,"sourceW":209,"sourceH":63},
"frame_04":{"x":957,"y":728,"w":54,"h":79,"offX":0,"offY":0,"sourceW":54,"sourceH":79},
"font_fail":{"x":272,"y":747,"w":270,"h":56,"offX":0,"offY":0,"sourceW":270,"sourceH":56},
"button_blue":{"x":642,"y":0,"w":349,"h":105,"offX":0,"offY":0,"sourceW":349,"sourceH":105},
"frame_13":{"x":929,"y":313,"w":62,"h":92,"offX":0,"offY":0,"sourceW":62,"sourceH":92},
"icon_SET":{"x":898,"y":611,"w":92,"h":115,"offX":0,"offY":0,"sourceW":92,"sourceH":115},
"frame_07":{"x":985,"y":480,"w":34,"h":114,"offX":0,"offY":0,"sourceW":34,"sourceH":114},
"frame_15":{"x":853,"y":855,"w":40,"h":40,"offX":0,"offY":0,"sourceW":40,"sourceH":40},
"font_wait":{"x":642,"y":553,"w":289,"h":56,"offX":0,"offY":0,"sourceW":289,"sourceH":56},
"frame_02":{"x":0,"y":928,"w":95,"h":76,"offX":0,"offY":0,"sourceW":95,"sourceH":76},
"halo_01":{"x":157,"y":928,"w":62,"h":52,"offX":0,"offY":0,"sourceW":62,"sourceH":52},
"button":{"x":0,"y":863,"w":209,"h":63,"offX":0,"offY":0,"sourceW":209,"sourceH":63},
"icon_heidian":{"x":739,"y":908,"w":35,"h":35,"offX":0,"offY":0,"sourceW":35,"sourceH":35},
"frame_12":{"x":157,"y":984,"w":74,"h":33,"offX":0,"offY":0,"sourceW":74,"sourceH":33},
"mask":{"x":898,"y":728,"w":8,"h":8,"offX":0,"offY":0,"sourceW":8,"sourceH":8},
"apple":{"x":842,"y":107,"w":163,"h":125,"offX":0,"offY":0,"sourceW":163,"sourceH":125},
"frame_10":{"x":694,"y":855,"w":50,"h":50,"offX":0,"offY":0,"sourceW":50,"sourceH":50},
"bg_05":{"x":0,"y":268,"w":582,"h":239,"offX":0,"offY":0,"sourceW":582,"sourceH":239},
"icon_apple":{"x":746,"y":855,"w":42,"h":51,"offX":0,"offY":0,"sourceW":42,"sourceH":51},
"font_shop":{"x":211,"y":870,"w":160,"h":56,"offX":0,"offY":0,"sourceW":160,"sourceH":56},
"font_matc":{"x":642,"y":739,"w":270,"h":56,"offX":0,"offY":0,"sourceW":270,"sourceH":56},
"font_exit":{"x":584,"y":437,"w":363,"h":56,"offX":0,"offY":0,"sourceW":363,"sourceH":56},
"frame_17":{"x":914,"y":728,"w":40,"h":40,"offX":0,"offY":0,"sourceW":40,"sourceH":40}}}