{"file":"HeadIconTest.png","frames":{
"head5":{"x":1,"y":809,"w":200,"h":200,"offX":0,"offY":0,"sourceW":200,"sourceH":200},
"head6":{"x":203,"y":607,"w":200,"h":200,"offX":0,"offY":0,"sourceW":200,"sourceH":200},
"head7":{"x":1,"y":607,"w":200,"h":200,"offX":0,"offY":0,"sourceW":200,"sourceH":200},
"head8":{"x":203,"y":405,"w":200,"h":200,"offX":0,"offY":0,"sourceW":200,"sourceH":200},
"head9":{"x":1,"y":405,"w":200,"h":200,"offX":0,"offY":0,"sourceW":200,"sourceH":200},
"head1":{"x":203,"y":203,"w":200,"h":200,"offX":0,"offY":0,"sourceW":200,"sourceH":200},
"head2":{"x":1,"y":203,"w":200,"h":200,"offX":0,"offY":0,"sourceW":200,"sourceH":200},
"head3":{"x":203,"y":1,"w":200,"h":200,"offX":0,"offY":0,"sourceW":200,"sourceH":200},
"head4":{"x":1,"y":1,"w":200,"h":200,"offX":0,"offY":0,"sourceW":200,"sourceH":200}}}